,content,summary
0,"Huh, anyway check out this you[tube] channel: kobyoshi02","Huh, anyway check out this you[tube] channel: kobyoshi02"
1,"Hey guys check out my new channel and our first vid THIS IS US THE  MONKEYS!!! I'm the monkey in the white shirt,please leave a like comment  and please subscribe!!!!","Hey guys check out my new channel and our first vid THIS IS US THE  MONKEYS!!! I'm the monkey in the white shirt,please leave a like comment  and please subscribe!!!!"
2,just for test I have to say murdev.com,just for test I have to say murdev.com
3,me shaking my sexy ass on my channel enjoy ^_^ Ôªø,me shaking my sexy ass on my channel enjoy ^_^ Ôªø
4,watch?v=vtaRGgvGtWQ   Check this out .Ôªø,watch?v=vtaRGgvGtWQ   Check this out .Ôªø
5,"Hey, check out my new website!! This site is about kids stuff. kidsmediausa  . com","Hey, check out my new website!! This site is about kids stuff."
6,Subscribe to my channel Ôªø,Subscribe to my channel Ôªø
7,i turned it on mute as soon is i came on i just wanted to check the  views...Ôªø,i turned it on mute as soon is i came on i just wanted to check the  views...Ôªø
8,You should check my channel for Funny VIDEOS!!Ôªø,You should check my channel for Funny VIDEOS!!Ôªø
9,and u should.d check my channel and tell me what I should do next!Ôªø,and u should.d check my channel and tell me what I should do next!Ôªø
10,Hey subscribe to meÔªø,Hey subscribe to meÔªø
11, Once you have started reading do not stop. If you do not subscribe to me  within one day you and you're entire family will die so if you want to stay  alive subscribe right now.Ôªø,Once you have started reading do not stop. If you do not subscribe to me  within one day you and you're entire family will die so if you want to stay  alive subscribe right now.Ôªø
12,https://twitter.com/GBphotographyGBÔªø,https://twitter.com/GBphotographyGBÔªø
13,subscribe like commentÔªø,subscribe like commentÔªø
14,please like :D https://premium.easypromosapp.com/voteme/19924/616375350Ôªø,please like :D https://premium.easypromosapp.com/voteme/19924/616375350Ôªø
15,"Hello! Do you like gaming, art videos, scientific experiments, tutorials,  lyrics videos, and much, much more of that? If you do please check out our  channel and subscribe to it, we've just started, but soon we hope we will  be able to cover all of our expectations... You can also check out what  we've got so far!Ôªø","Do you like gaming, art videos, scientific experiments, tutorials,  lyrics videos, and much, much more of that? If you do please check out our  channel and subscribe to it, we've just started, but soon we hope we will  be able to cover all of our expectations... You can also check out what  we've got so far!Ôªø"
16,I'm only checking the viewsÔªø,I'm only checking the viewsÔªø
17,http://www.ebay.com/itm/171183229277?ssPageName=STRK:MESELX:IT&amp;_trksid=p3984.m1555.l2649 Ôªø,http://www.ebay.com/itm/171183229277?ssPageName=STRK:MESELX:IT&amp;_trksid=p3984.m1555.l2649 Ôªø
18,http://ubuntuone.com/40beUutVu2ZKxK4uTgPZ8KÔªø,http://ubuntuone.com/40beUutVu2ZKxK4uTgPZ8KÔªø
19,"We are an EDM apparel company dedicated to bringing you music inspired  designs. Our clothing is perfect for any rave or music festival. We have  NEON crop tops, tank tops, t-shirts, v-necks and accessories! follow us on  Facebook or on instagraml for free giveaways news and more!! visit our site  at OnCueApparelÔªø",We are an EDM apparel company dedicated to bringing you music inspired  designs. Our clothing is perfect for any rave or music festival.
20,i think about 100 millions of the views come from people who only wanted to  check the viewsÔªø,i think about 100 millions of the views come from people who only wanted to  check the viewsÔªø
21,subscribe to my channel people :DÔªø,subscribe to my channel people :DÔªø
22,Show your AUBURN PRIDE HERE: http://www.teespring.com/tigermeathoodieÔªø,Show your AUBURN PRIDE HERE: http://www.teespring.com/tigermeathoodieÔªø
23,just checking the viewsÔªø,just checking the viewsÔªø
24,CHECK OUT MY CHANNEL,CHECK OUT MY CHANNEL
25,marketglory . com/strategygame/andrijamatf earn real money from game,marketglory . com/strategygame/andrijamatf earn real money from game
26,Hey guys! Im a 12 yr old music producer. I make chiptunes and 8bit music.  It would be wonderful if you checked out some of my 8bit remixes! I even  have a gangnamstyle 8bit remix if you would like to check that out ;)  Thanks!!,Im a 12 yr old music producer. I even  have a gangnamstyle 8bit remix if you would like to check that out ;)  Thanks!!
27,Check me out! I'm kyle. I rap so yeah Ôªø,Check me out! I rap so yeah Ôªø
28,I dont even watch it anymore i just come here to check on 2 Billion or notÔªø,I dont even watch it anymore i just come here to check on 2 Billion or notÔªø
29,"Subscribe to me for free Android games, apps.. Ôªø","Subscribe to me for free Android games, apps.. Ôªø"
30,everyone please come check our newest song in memories of Martin Luther  King Jr.Ôªø,everyone please come check our newest song in memories of Martin Luther  King Jr.Ôªø
31,"Came here to check the views, goodbye.Ôªø","Came here to check the views, goodbye.Ôªø"
32,sub my channel for no reason -_-Ôªø,sub my channel for no reason -_-Ôªø
33,"Check out my dubstep song ""Fireball"", made with Fruity Loops. I really took  time in it.  /watch?v=telOA6RIO8oÔªø","Check out my dubstep song ""Fireball"", made with Fruity Loops. I really took  time in it."
34,2 billion....Coming soonÔªø,2 billion....Coming soonÔªø
35,Why dafuq is a Korean song so big in the USA. Does that mean we support  Koreans? Last time I checked they wanted to bomb us. Ôªø,Why dafuq is a Korean song so big in the USA. Does that mean we support  Koreans?
36,Check my channel please! And listen to the best music ever :PÔªø,Check my channel please! And listen to the best music ever :PÔªø
37,SUB 4 SUB PLEASE LIKE THIS COMMENT I WANT A SUCCESFULL YOUTUBE SO PPLEASE LIKE THIS  COMMENT AND SUBSCRIBE IT ONLY TAKES 10 SECONDS PLEASE IF YOU SUBSCRIBE ILL  SUBSCRIBE BACK THANKSÔªø,SUB 4 SUB PLEASE LIKE THIS COMMENT I WANT A SUCCESFULL YOUTUBE SO PPLEASE LIKE THIS  COMMENT AND SUBSCRIBE IT ONLY TAKES 10 SECONDS PLEASE IF YOU SUBSCRIBE ILL  SUBSCRIBE BACK THANKSÔªø
38," Hey everyone!! I have just started my first YT channel i would be grateful  if some of you peoples could check out my first clip in BF4! and give me  some advice on how my video was and how i could improve it. ALSO be sure to  go check out the about to see what Im all about. Thanks for your time :) .  and to haters... You Hate, I WINÔªø","Hey everyone!! and to haters... You Hate, I WINÔªø"
39,"The projects After Effects, Music, Foto, Web sites and another you can find  and buy here  http://audiojungle.net/user/EugeneKalinin/portfolio?ref=EugeneKalininÔªø","The projects After Effects, Music, Foto, Web sites and another you can find  and buy here  http://audiojungle.net/user/EugeneKalinin/portfolio?ref=EugeneKalininÔªø"
40,YouTube/codytolleson for awesome videos I'll subscribe back Ôªø,YouTube/codytolleson for awesome videos I'll subscribe back Ôªø
41,if you like roblox minecraft world of warcraft gta5 mario suscribe to my  channelÔªø,if you like roblox minecraft world of warcraft gta5 mario suscribe to my  channelÔªø
42,SUBSCRIBE TO ME AND I'LL SUBSCRIBE TO YOU! (Must like - cZFcxsn0jnQ) Ôªø,SUBSCRIBE TO ME AND I'LL SUBSCRIBE TO YOU! ( Must like - cZFcxsn0jnQ) Ôªø
43,http://www.twitch.tv/jaroadc come follow and watch my stream!Ôªø,http://www.twitch.tv/jaroadc come follow and watch my stream!Ôªø
44,"if you like raw talent, raw lyrics, straight real hip hop Everyone check my newest sound  Dizzy X - Got the Juice (Prod by. Drugs the Model Citizen)   COMMENT TELL ME WHAT YOU THINK  DONT BE LAZY!!!!  - 1/7 ProphetzÔªø","if you like raw talent, raw lyrics, straight real hip hop Everyone check my newest sound  Dizzy X - Got the Juice (Prod by. Drugs the Model Citizen)   COMMENT TELL ME WHAT YOU THINK  DONT BE LAZY!!!!"
45,....subscribe......  ......to my........  .....channel.......Ôªø,....subscribe......  ......to my........  .....channel.......Ôªø
46,"now its 1,884,034,783 views! pls. comment the view count the next hour :PÔªø","now its 1,884,034,783 views! comment the view count the next hour :PÔªø"
47,http://www.avaaz.org/po/petition/Youtube_Corporation_Fox_Broadcasting_Company_Anular_os_strikes_no_Canal_Nostalgia/?cXPZpgb Ôªø,http://www.avaaz.org/po/petition/Youtube_Corporation_Fox_Broadcasting_Company_Anular_os_strikes_no_Canal_Nostalgia/?cXPZpgb Ôªø
48,go here to check the views :3Ôªø,go here to check the views :3Ôªø
49,thumbs up if u checked this video to see hw views it gotÔªø,thumbs up if u checked this video to see hw views it gotÔªø
50,Plz subscribe to my channel and I will subscribe back xxÔªø,Plz subscribe to my channel and I will subscribe back xxÔªø
51,i check back often to help reach 2x10^9 views and I avoid watching BabyÔªø,i check back often to help reach 2x10^9 views and I avoid watching BabyÔªø
52,This video will get to 2 billion just because of people checking if it has  hit 2 billion yet.Ôªø,This video will get to 2 billion just because of people checking if it has  hit 2 billion yet.Ôªø
53,https://www.facebook.com/pages/Brew-Crew-2014/134470083389909 Like this  facebook-page! Chance to win an Iphone 5S!Ôªø,https://www.facebook.com/pages/Brew-Crew-2014/134470083389909 Like this  facebook-page! Chance to win an Iphone 5S!Ôªø
54,get GWAR to play 2015 superbowl  http://www.change.org/petitions/the-national-football-league-allow-gwar-to-perform-the-2015-super-bowl-halftime-show#share Ôªø,get GWAR to play 2015 superbowl  http://www.change.org/petitions/the-national-football-league-allow-gwar-to-perform-the-2015-super-bowl-halftime-show#share Ôªø
55,Pls follow this channel!! http://www.twitch.tv/sevadusÔªø,Pls follow this channel!! http://www.twitch.tv/sevadusÔªø
56,hi guys check my youtube channelÔªø,hi guys check my youtube channelÔªø
57,Subscribe and like to me for more how to videos on minecraft!Ôªø,Subscribe and like to me for more how to videos on minecraft!Ôªø
58,http://tankionline.com#friend=cd92db3f4 great game check it out!Ôªø,http://tankionline.com#friend=cd92db3f4 great game check it out!Ôªø
59,Subscribe ME!Ôªø,Subscribe ME!Ôªø
60,Im just to check how much views it hasÔªø,Im just to check how much views it hasÔªø
61,The first comment is chuck norrus ovbiously :DÔªø,The first comment is chuck norrus ovbiously :DÔªø
62,Behold the most viewed youtube video in the history of everÔªø,Behold the most viewed youtube video in the history of everÔªø
63,when is this gonna hit 2 billion?Ôªø,when is this gonna hit 2 billion?Ôªø
64,the most viewed youtube video of all time?Ôªø,the most viewed youtube video of all time?Ôªø
65,"969,210 dislikes like dislike themselvesÔªø","969,210 dislikes like dislike themselvesÔªø"
66,psy=koreanÔªø,psy=koreanÔªø
67,"OMG this oldspice spraytan party commercial omg....i'm sitting here ""NO  this isn't a real thing is it? OMG"" Ôªø","OMG this oldspice spraytan party commercial omg....i'm sitting here ""NO  this isn't a real thing is it?"
68,"This is the only video on youtube that get so much views just because we  want to see how much views it has. 1.000.000 every day, I mean, Most people  think a video is popular when it actually gets 1.000.000 views.Ôªø","This is the only video on youtube that get so much views just because we  want to see how much views it has. 1.000.000 every day, I mean, Most people  think a video is popular when it actually gets 1.000.000 views.Ôªø"
69,It's been back for quite a while now.,It's been back for quite a while now.
70,2 Billions in 2014,2 Billions in 2014
71,plz check out fablife / welcome to fablife for diys and challenges so plz  subscribe thx!Ôªø,plz check out fablife / welcome to fablife for diys and challenges so plz  subscribe thx!Ôªø
72,Sub my channel!Ôªø,Sub my channel!Ôªø
73,http://www.ebay.com/itm/131338190916?ssPageName=STRK:MESELX:IT&amp;_trksid=p3984.m1555.l2649 Ôªø,http://www.ebay.com/itm/131338190916?ssPageName=STRK:MESELX:IT&amp;_trksid=p3984.m1555.l2649 Ôªø
74,http://www.guardalo.org/best-of-funny-cats-gatti-pazzi-e-divertenti-2013-5287/100000415527985/ Ôªø,http://www.guardalo.org/best-of-funny-cats-gatti-pazzi-e-divertenti-2013-5287/100000415527985/ Ôªø
75,"if your like drones, plz subscribe to Kamal Tayara. He takes videos with  his drone that are absolutely beautiful.Ôªø","if your like drones, plz subscribe to Kamal Tayara. He takes videos with  his drone that are absolutely beautiful.Ôªø"
76,http://hackfbaccountlive.com/?ref=4604617Ôªø,http://hackfbaccountlive.com/?ref=4604617Ôªø
77,"WHATS UP EVERYONE!? :-) I Trying To Showcase My Talent To The World! I Have Over 3000 SUBSCRIBERS! I PROMISE! I Dont Suck! Please Spread My Covers Around, SUBSCRIBE &amp; Share! Thanks so much for all your support! Lucas Trigo -Stay Awesome! Ôªø",WHATS UP EVERYONE!? :-) I Trying To Showcase My Talent To The World!
78,-----&gt;&gt;&gt;&gt;  https://www.facebook.com/video.php?v=10200253113705769&amp;set=vb.201470069872822&amp;type=3&amp;permPage=1  &lt;--------Ôªø,-----&gt;&gt;&gt;&gt;  https://www.facebook.com/video.php?v=10200253113705769&amp;set=vb.201470069872822&amp;type=3&amp;permPage=1  &lt;--------Ôªø
79,"Hi there~I'm group leader of Angel, a rookie Korean pop group. We have four  members, Chanicka, Julie, Stephanie, and myself, Leah. Please feel free to  check out our channel and leave some feedback on our cover videos (:  criticism is welcome as we know we're not top notch singers so please come  leave some constructive feedback on our videos; we appreciate any chance to  improve before auditioning for a Korean management company. We plan on  auditioning for JYP, BigHit, Jellyfish, YG or SM. Thank you for taking time  out of your day to read this !Ôªø","Hi there~I'm group leader of Angel, a rookie Korean pop group. We plan on  auditioning for JYP, BigHit, Jellyfish, YG or SM."
80,http://woobox.com/33gxrf/brt0u5 FREE CS GO!!!!Ôªø,http://woobox.com/33gxrf/brt0u5 FREE CS GO!!!!Ôªø
81,Admit it you just came here to check the number of viewers Ôªø,Admit it you just came here to check the number of viewers Ôªø
82,"Just coming to check if people are still viewing this video. And  apparently, they still do.Ôªø","Just coming to check if people are still viewing this video. And  apparently, they still do.Ôªø"
83,Check my first video outÔªø,Check my first video outÔªø
84,Check my channelÔªø,Check my channelÔªø
85,PSY - GANGNAM STYLE (Í∞ïÎÇ®Ïä§ÌÉÄÏùº) M/V: http://youtu.be/9bZkp7q19f0Ôªø,PSY - GANGNAM STYLE (Í∞ïÎÇ®Ïä§ÌÉÄÏùº) M/V: http://youtu.be/9bZkp7q19f0Ôªø
86,Suscribe My Channel Please XD lolÔªø,Suscribe My Channel Please XD lolÔªø
87,Wow. Comments section on this still active. Not bad. Also 5277478 comments.  (Now 79)Ôªø,Comments section on this still active. Also 5277478 comments.
88,http://binbox.io/1FIRo#123Ôªø,http://binbox.io/1FIRo#123Ôªø
89,Ching Ching ling long ding ring yaaaaaa Ganga sty FUCK YOU.Ôªø,Ching Ching ling long ding ring yaaaaaa Ganga sty FUCK YOU.Ôªø
90,https://www.indiegogo.com/projects/cleaning-the-pan--2    please halp me  with my projectÔªø,https://www.indiegogo.com/projects/cleaning-the-pan--2    please halp me  with my projectÔªø
91,There is one video on my channel about my brother...Ôªø,There is one video on my channel about my brother...Ôªø
92,"Check my channel, please!Ôªø","Check my channel, please!Ôªø"
93,"Does anyone here use gift cards like Amazon, itunes, psn, google play,  itunes, or any other gift cards? Then you'll be happy to know you can get  free gift card codes for free from an amazing site. Here is a $50 itunes  gift card code XXBB5TCZHM39HVZDÔªø","Does anyone here use gift cards like Amazon, itunes, psn, google play,  itunes, or any other gift cards? Then you'll be happy to know you can get  free gift card codes for free from an amazing site."
94,Why does this video have so many views? Because asian things are awesome and non-asian countries are jelly so they  try to learn from asia by looking at this video d:Ôªø,Why does this video have so many views? Because asian things are awesome and non-asian countries are jelly so they  try to learn from asia by looking at this video d:Ôªø
95,Plizz withing my channel Ôªø,Plizz withing my channel Ôªø
96,I made a gaming channel (Unique right?) :L Angry Minecraft!Ôªø,I made a gaming channel (Unique right?) : L Angry Minecraft!Ôªø
97,Please help me go here http://www.gofundme.com/littlebrotherÔªø,Please help me go here http://www.gofundme.com/littlebrotherÔªø
98,Anybody who subscribes to me will get 10 subscribersÔªø,Anybody who subscribes to me will get 10 subscribersÔªø
99,http://thepiratebay.se/torrent/6381501/Timothy_Sykes_CollectionÔªø,http://thepiratebay.se/torrent/6381501/Timothy_Sykes_CollectionÔªø
100,"My videos are half way decent, check them out if you want.Ôªø","My videos are half way decent, check them out if you want.Ôªø"
101,"they said this video are not deserve 2billion views , while they keep  visiting it to watch the viewer . Ôªø","they said this video are not deserve 2billion views , while they keep  visiting it to watch the viewer ."
102,subscribe to itz recaps and above diddleÔªø,subscribe to itz recaps and above diddleÔªø
103,Screw this Chinese crap i dont even understand what he is saying. Why isn't  he speaking English like everyone should?Ôªø,Screw this Chinese crap i dont even understand what he is saying. Why isn't  he speaking English like everyone should?Ôªø
104,need money?Enjoy https://www.tsu.co/emerson_zanolÔªø,need money?Enjoy https://www.tsu.co/emerson_zanolÔªø
105,Sub to my channel visuelgamingzNL I sub backÔªø,Sub to my channel visuelgamingzNL I sub backÔªø
106,please subscribe i am a new youtuber and need help please subscribe and i  will subscribe back :D hoppa HOPPA GaNgAm StYlEÔªø,please subscribe i am a new youtuber and need help please subscribe and i  will subscribe back :D hoppa HOPPA GaNgAm StYlEÔªø
107,sub me if you dont like the songÔªø,sub me if you dont like the songÔªø
108,This is a weird video.Ôªø,This is a weird video.Ôªø
109,8 million likes xD even the subscribers not 8 million xDÔªø,8 million likes xD even the subscribers not 8 million xDÔªø
110,EHI GUYS CAN YOU SUBSCRIBE IN MY CHANNEL? I AM A NEW YOUTUBER AND I PLAY  MINECRAFT THANKS GUYS!... SUBSCRIBE!Ôªø,EHI GUYS CAN YOU SUBSCRIBE IN MY CHANNEL? I AM A NEW YOUTUBER AND I PLAY  MINECRAFT THANKS GUYS!...
111,Hi everyone! Do you like music? Then why not check out my music channel.  The LEXIS band will be uploading their own songs and covers soon so don't  miss out. Please SUBSCRIBE too as it does help us out a lot. Just takes one  click. -&gt;Ôªø,Hi everyone! Then why not check out my music channel.
112,This song never gets old love it.Ôªø,This song never gets old love it.Ôªø
113,gofundme.com/grwmpsÔªø,gofundme.com/grwmpsÔªø
114,"Hey guys please check out my new Google+ page it has many funny pictures,  FunnyTortsPics  https://plus.google.com/112720997191206369631/postÔªø","Hey guys please check out my new Google+ page it has many funny pictures,  FunnyTortsPics  https://plus.google.com/112720997191206369631/postÔªø"
115,#2012bitchesÔªø,#2012bitchesÔªø
116,Made in china....Ôªø,Made in china....Ôªø
117,5 milions comentars and 2 bilion viewsÔªø,5 milions comentars and 2 bilion viewsÔªø
118,It is 0 zeroÔªø,It is 0 zeroÔªø
119,Mix - PSY - GANGNAM STYLE (Í∞ïÎÇ®Ïä§ÌÉÄÏùº) M/V: PSY - GANGNAM STYLE (Í∞ïÎÇ®Ïä§ÌÉÄÏùº) M/VÔªø,Mix - PSY - GANGNAM STYLE (Í∞ïÎÇ®Ïä§ÌÉÄÏùº) M/V: PSY - GANGNAM STYLE (Í∞ïÎÇ®Ïä§ÌÉÄÏùº) M/VÔªø
120,This has had over 2 billion views.  Holy shit.Ôªø,This has had over 2 billion views. Holy shit.Ôªø
121,"how can there be 2.124.821.694 views, when im the only person alive after  the zombie apocalypse - greetings, spoderman :)Ôªø","how can there be 2.124.821.694 views, when im the only person alive after  the zombie apocalypse - greetings, spoderman :)Ôªø"
122,Suscribe my channel pleaseÔªø,Suscribe my channel pleaseÔªø
123,"2,124923004 wiews... wowÔªø","2,124923004 wiews... wowÔªø"
124,guys please subscribe me to help my channel grow please guysÔªø,guys please subscribe me to help my channel grow please guysÔªø
125,Great music anywayÔªø,Great music anywayÔªø
126,PSY - GANGNAM STYLE (Í∞ïÎÇ®Ïä§ÌÉÄÏùº) M/V: http://youtu.be/9bZkp7q19f0Ôªø,PSY - GANGNAM STYLE (Í∞ïÎÇ®Ïä§ÌÉÄÏùº) M/V: http://youtu.be/9bZkp7q19f0Ôªø
127,"so crazy, over 2 billion views, not US, not Uk, its Korea republic, its  asiaÔªø","so crazy, over 2 billion views, not US, not Uk, its Korea republic, its  asiaÔªø"
128,Discover a beautiful song of A young Moroccan     http://www.linkbucks.com/AcN2gÔªø,Discover a beautiful song of A young Moroccan     http://www.linkbucks.com/AcN2gÔªø
129,"Like getting Gift cards..but hate spending the cash.... Try Juno Wallet !!! At Juno Wallet you can earn money for gift cards such as ; Nike, Gamestop,  Amazon , Ebay Etc &amp; its easy  Earn money by doing simple task like watching videos..downloading apps &amp;  you can even earn money by inviting your friends to join...its free for  signup Sign up today &amp; use promo code BD3721315Ôªø","Like getting Gift cards..but hate spending the cash.... Try Juno Wallet !!! At Juno Wallet you can earn money for gift cards such as ; Nike, Gamestop,  Amazon , Ebay Etc &amp; its easy  Earn money by doing simple task like watching videos..downloading apps &amp;  you can even earn money by inviting your friends to join...its free for  signup Sign up today &amp; use promo code BD3721315Ôªø"
130,Can somebody wake me up when we get to 3 billion views.Ôªø,Can somebody wake me up when we get to 3 billion views.Ôªø
131,PSY GOT LOTS  OF MONEY FROM YOUTUBE THAT HE GOT FROM 2 BILLION VIEWS THIS  IS THE MOST VIEWS IN THE WORLD :DÔªø,PSY GOT LOTS  OF MONEY FROM YOUTUBE THAT HE GOT FROM 2 BILLION VIEWS THIS  IS THE MOST VIEWS IN THE WORLD :DÔªø
132,Justin bieber = gay Ôªø,Justin bieber = gay Ôªø
133,You gotta say its funny. well not 2 billion worth funny but still. It  clicked and everything went uphill. At least you don't have JB's shit on  #1.Ôªø,You gotta say its funny. At least you don't have JB's shit on  #1.Ôªø
134,‚ù§Ô∏è ‚ù§Ô∏è ‚ù§Ô∏è ‚ù§Ô∏è ‚ù§Ô∏è‚ù§Ô∏è‚ù§Ô∏è‚ù§Ô∏èÔªø,‚ù§Ô∏è ‚ù§Ô∏è ‚ù§Ô∏è ‚ù§Ô∏è ‚ù§Ô∏è‚ù§Ô∏è‚ù§Ô∏è‚ù§Ô∏èÔªø
135,"Ahhh, 2 years ago....Ôªø","Ahhh, 2 years ago....Ôªø"
136,"Dance dance,,,,,Psy  http://www.reverbnation.com/msmarilynmilesÔªø","Dance dance,,,,,Psy  http://www.reverbnation.com/msmarilynmilesÔªø"
137,"check out ""starlitnightsky"" channel to see epic videosÔªø","check out ""starlitnightsky"" channel to see epic videosÔªø"
138,https://www.tsu.co/KodysMan plz ^^Ôªø,https://www.tsu.co/KodysMan plz ^^Ôªø
139,Stupid people... this video doesnt have 2 billion visits. Have 2 thousands  millionsÔªø,Stupid people... this video doesnt have 2 billion visits. Have 2 thousands  millionsÔªø
140,http://www.gcmforex.com/partners/aw.aspx?Task=JoinT2&amp;AffiliateID=9107Ôªø,http://www.gcmforex.com/partners/aw.aspx?Task=JoinT2&amp;AffiliateID=9107Ôªø
141,check men out i put allot of effort into my music but unfortunatly not many  watch itÔªø,check men out i put allot of effort into my music but unfortunatly not many  watch itÔªø
142,pls http://www10.vakinha.com.br/VaquinhaE.aspx?e=313327 help me get vip gun  cross fire alÔªø,pls http://www10.vakinha.com.br/VaquinhaE.aspx?e=313327 help me get vip gun  cross fire alÔªø
143,Add me here...https://www.facebook.com/TLouXmusicÔªø,Add me here...https://www.facebook.com/TLouXmusicÔªø
144,CHECK MY CHANNEL OUT PLEASE. I DO SINGING COVERSÔªø,CHECK MY CHANNEL OUT PLEASE. I DO SINGING COVERSÔªø
145,I think this is now a place to promote channels in the comment section lol.Ôªø,I think this is now a place to promote channels in the comment section lol.Ôªø
146,Get free gift cards and pay pal money!Ôªø,Get free gift cards and pay pal money!Ôªø
147,Check out pivot animations in my channelÔªø,Check out pivot animations in my channelÔªø
148,Follow me on twitter &amp; IG : __killuminati94Ôªø,Follow me on twitter &amp; IG : __killuminati94Ôªø
149,Check me out I'm all about gaming Ôªø,Check me out I'm all about gaming Ôªø
150,Oppa! Yeah! Best Song!Ôªø,Best Song!Ôªø
151,More... http://www.sunfrogshirts.com/Sunglass-World.html?24398Ôªø,More... http://www.sunfrogshirts.com/Sunglass-World.html?24398Ôªø
152,https://www.facebook.com/teeLaLaLaÔªø,https://www.facebook.com/teeLaLaLaÔªø
153,http://www.twitch.tv/zxlightsoutxzÔªø,http://www.twitch.tv/zxlightsoutxzÔªø
154,reminds me of this song https://soundcloud.com/popaegis/wrenn-almond-eyesÔªø,reminds me of this song https://soundcloud.com/popaegis/wrenn-almond-eyesÔªø
155,What free gift cards? Go here  http://www.swagbucks.com/p/register?rb=13017194Ôªø,What free gift cards? Go here  http://www.swagbucks.com/p/register?rb=13017194Ôªø
156,"Search ""Chubbz Dinero - Ready Or Not "" Thanks Ôªø","Search ""Chubbz Dinero - Ready Or Not "" Thanks Ôªø"
157,Follow me on Twitter @mscalifornia95Ôªø,Follow me on Twitter @mscalifornia95Ôªø
158,üò´üòìüòèüò™üòîüòñüòåüò≠üòéüòöüòòüòôüòóüòãüòùüòúüòõüòçüòíüòûüò∑üò∂üòµüò≥üò≤üò±üòüüò∞üò©üò®üòßüò¶üò•üò§üò£üòÆüò¥üò¢üò°üò†üò¨üòïüòëüòêüòØüòâüòàüòáüòÜüòÖüòÑüòÉüòÇüòÅüòÄüòä‚ò∫  every single types of face on earthÔªø,üò´üòìüòèüò™üòîüòñüòåüò≠üòéüòöüòòüòôüòóüòãüòùüòúüòõüòçüòíüòûüò∑üò∂üòµüò≥üò≤üò±üòüüò∞üò©üò®üòßüò¶üò•üò§üò£üòÆüò¥üò¢üò°üò†üò¨üòïüòëüòêüòØüòâüòàüòáüòÜüòÖüòÑüòÉüòÇüòÅüòÄüòä‚ò∫  every single types of face on earthÔªø
159,‚ñ¨‚ñ¨‚ñ¨‚ñ¨‚ñ¨‚ñ¨‚ñ¨‚ñ¨‚ñ¨‚ñ¨‡Æú€©€û€©‡Æú‚ñ¨‚ñ¨‚ñ¨‚ñ¨‚ñ¨‚ñ¨‚ñ¨‚ñ¨ Ôº§Ôº°Ôº≠ÔºÆ Ôº¥Ôº®Ôº©Ôº≥ Ôº£ÔºØÔº≠Ôº≠Ôº•ÔºÆÔº¥ Ôº©Ôº≥ Ôº¶Ôº°ÔºÆÔº£Y ‚ñ¨‚ñ¨‚ñ¨‚ñ¨‚ñ¨‚ñ¨‚ñ¨‚ñ¨‚ñ¨‚ñ¨‡Æú€©€û€©‡Æú‚ñ¨‚ñ¨‚ñ¨‚ñ¨‚ñ¨‚ñ¨‚ñ¨‚ñ¨Ôªø,‚ñ¨‚ñ¨‚ñ¨‚ñ¨‚ñ¨‚ñ¨‚ñ¨‚ñ¨‚ñ¨‚ñ¨‡Æú€©€û€©‡Æú‚ñ¨‚ñ¨‚ñ¨‚ñ¨‚ñ¨‚ñ¨‚ñ¨‚ñ¨ Ôº§Ôº°Ôº≠ÔºÆ Ôº¥Ôº®Ôº©Ôº≥ Ôº£ÔºØÔº≠Ôº≠Ôº•ÔºÆÔº¥ Ôº©Ôº≥ Ôº¶Ôº°ÔºÆÔº£Y ‚ñ¨‚ñ¨‚ñ¨‚ñ¨‚ñ¨‚ñ¨‚ñ¨‚ñ¨‚ñ¨‚ñ¨‡Æú€©€û€©‡Æú‚ñ¨‚ñ¨‚ñ¨‚ñ¨‚ñ¨‚ñ¨‚ñ¨‚ñ¨Ôªø
160,CHECK MY CHANNEL FOR MY NEW SONG 'STATIC'!! YOU'LL LOVE IT!!Ôªø,CHECK MY CHANNEL FOR MY NEW SONG 'STATIC'!! YOU'LL LOVE IT!!Ôªø
161,Incmedia.org where the truth meets you.Ôªø,Incmedia.org where the truth meets you.Ôªø
162,look at my channel i make minecraft pe lets play Ôªø,look at my channel i make minecraft pe lets play Ôªø
163,I found out this song nowÔªø,I found out this song nowÔªø
164,2 BILLION!!!Ôªø,2 BILLION!!!Ôªø
165,Song name??Ôªø,Song name??Ôªø
166,please like : http://www.bubblews.com/news/9277547-peace-and-brotherhoodÔªø,please like : http://www.bubblews.com/news/9277547-peace-and-brotherhoodÔªø
167,hey again if you guys wouldnt mind chacking out my rap give it like and il  giver 3 of your vids a likeÔªø,hey again if you guys wouldnt mind chacking out my rap give it like and il  giver 3 of your vids a likeÔªø
168,http://www.amazon.co.uk/gp/offer-listing/B00ECVF93G/sr=8-2/qid=1415297812/ref=olp_tab_refurbished?ie=UTF8&amp;condition=refurbished&amp;qid=1415297812&amp;sr=8-2 Ôªø,http://www.amazon.co.uk/gp/offer-listing/B00ECVF93G/sr=8-2/qid=1415297812/ref=olp_tab_refurbished?ie=UTF8&amp;condition=refurbished&amp;qid=1415297812&amp;sr=8-2 Ôªø
169,"The most watched video on YouTube is Psy‚Äôs ‚ÄúGangnam Style‚Äù, with 2.1  billion views. PSY - GANGNAM STYLE (Í∞ïÎÇ®Ïä§ÌÉÄÏùº) M/VÔªø","The most watched video on YouTube is Psy‚Äôs ‚ÄúGangnam Style‚Äù, with 2.1  billion views. PSY - GANGNAM STYLE (Í∞ïÎÇ®Ïä§ÌÉÄÏùº) M/VÔªø"
170,Subscribe to me and I'll subscribe back!!!Ôªø,Subscribe to me and I'll subscribe back!!!Ôªø
171,http://flipagram.com/f/LUkA1QMrhFÔªø,http://flipagram.com/f/LUkA1QMrhFÔªø
172,For Christmas Song visit my channel! ;)Ôªø,For Christmas Song visit my channel! ;)
173,http://www.gofundme.com/gvr7xgÔªø,http://www.gofundme.com/gvr7xgÔªø
174,Subscribe to me i subscribe back!!!! Plus i have a nice ass lolÔªø,Subscribe to me i subscribe back!!!! Plus i have a nice ass lolÔªø
175,https://www.change.org/p/facebook-twitter-youtube-do-not-censor-julien-blanc Ôªø,https://www.change.org/p/facebook-twitter-youtube-do-not-censor-julien-blanc Ôªø
176,https://soundcloud.com/jackal-and-james/wrap-up-the-nightÔªø,https://soundcloud.com/jackal-and-james/wrap-up-the-nightÔªø
177,https://www.surveymonkey.com/s/CVHMKLTÔªø,https://www.surveymonkey.com/s/CVHMKLTÔªø
178,Please give us a chance and check out the new music video on our channel!  You won't be disappointed.Ôªø,Please give us a chance and check out the new music video on our channel! You won't be disappointed.Ôªø
179,Please subscribe to meÔªø,Please subscribe to meÔªø
180,"This is the best, funny and viral video of history (youtube) THE TRUEÔªø","This is the best, funny and viral video of history (youtube) THE TRUEÔªø"
181,Please check out my vidiosÔªø,Please check out my vidiosÔªø
182,OPPA GANGNAM STYLE!!!Ôªø,OPPA GANGNAM STYLE!!!Ôªø
183,"The funny thing is, 1,700,000,000 of the views are spam bots. I mean c'mon  2 BILLION views? BS!Ôªø","The funny thing is, 1,700,000,000 of the views are spam bots. I mean c'mon  2 BILLION views?"
184,OPPA &lt;3Ôªø,OPPA &lt;3Ôªø
185,It's so funny it's awesomeness lol aaaaaaa sexy ladaüòÇÔªø,It's so funny it's awesomeness lol aaaaaaa sexy ladaüòÇÔªø
186,most viewed video in the worldÔªø,most viewed video in the worldÔªø
187,I'm here to check the views.. holy shitÔªø,I'm here to check the views.. holy shitÔªø
188,"Dear person reading this, You are beautiful and loving Have a great dayÔªø","Dear person reading this, You are beautiful and loving Have a great dayÔªø"
189,http://www.ermail.pl/dolacz/V3VeYGIN CLICK  http://www.ermail.pl/dolacz/V3VeYGIN  http://www.ermail.pl/dolacz/V3VeYGIN  http://www.ermail.pl/dolacz/V3VeYGIN  http://www.ermail.pl/dolacz/V3VeYGIN  http://www.ermail.pl/dolacz/V3VeYGIN  http://www.ermail.pl/dolacz/V3VeYGINÔªø,http://www.ermail.pl/dolacz/V3VeYGIN CLICK  http://www.ermail.pl/dolacz/V3VeYGIN  http://www.ermail.pl/dolacz/V3VeYGIN  http://www.ermail.pl/dolacz/V3VeYGIN  http://www.ermail.pl/dolacz/V3VeYGIN  http://www.ermail.pl/dolacz/V3VeYGIN  http://www.ermail.pl/dolacz/V3VeYGINÔªø
190,Have you tried a new social network TSU? This new social network has a  special thing.You can share the posts as well as on fb and twitter and even  to'll get paid You can registr here:  https://www.tsu.co/WORLDWIDE_LIFEÔªø,Have you tried a new social network TSU? This new social network has a  special thing.
191,The Guy in the yellow suit kinda looks like Jae-suk Ôªø,The Guy in the yellow suit kinda looks like Jae-suk Ôªø
192,"People, here is a new network like FB...you register also free, the  difference is only that you get paid for sharing, commenting and liking  posts and so one...don't waste your time on fb for sharing and not being  paid!! Register here to make also money with your everyday posts!!  https://www.tsu.co/slema13 Wellcome to everyone! ;)Ôªø","People, here is a new network like FB...you register also free, the  difference is only that you get paid for sharing, commenting and liking  posts and so one...don't waste your time on fb for sharing and not being  paid!! Register here to make also money with your everyday posts!!"
193,How are there 2 billion views and theres only 2 million people in the  world!?!?!?!! MULTIPLE ACCOUNTS!!!1111Ôªø,How are there 2 billion views and theres only 2 million people in the  world!?!?!?!! MULTIPLE ACCOUNTS!!!1111Ôªø
194,WAT DA FUCK THIS THE MOST VIEWED VIDEO IN YOUTUBE!Ôªø,WAT DA FUCK THIS THE MOST VIEWED VIDEO IN YOUTUBE!Ôªø
195,OMG 2/7 People watched this video because there are 7 billion people in the  world and 2 billion watched thisÔªø,OMG 2/7 People watched this video because there are 7 billion people in the  world and 2 billion watched thisÔªø
196,What is he saying?!?!?!?!?!?!?!?$? Ôªø,What is he saying?!?!?!?!?!?!?!?$?
197,this has so many viewsÔªø,this has so many viewsÔªø
198,OMG over 2 billion views!Ôªø,OMG over 2 billion views!Ôªø
199,Subscribe to me plz plz plz plz plz plZ Ôªø,Subscribe to me plz plz plz plz plz plZ Ôªø
200,http://www.twitch.tv/tareko100 Follow him on twitch and enter the keyword  !5800 and you'll have a chance of winning a really nice and expensive gun  for csgo that you can sell on the steam marketÔªø,http://www.twitch.tv/tareko100 Follow him on twitch and enter the keyword  ! 5800 and you'll have a chance of winning a really nice and expensive gun  for csgo that you can sell on the steam marketÔªø
201,"i am 2,126,492,636 viewer :DÔªø","i am 2,126,492,636 viewer :DÔªø"
202,https://www.tsu.co/Aseris get money here !Ôªø,https://www.tsu.co/Aseris get money here !
203,Fantastic!Ôªø,Fantastic!Ôªø
204,The population of world is more than 7 billionÔªø,The population of world is more than 7 billionÔªø
205,2.126.521.750  views!!!!!!!!!!!!!!!!!Ôªø,2.126.521.750  views!!!!!!!!!!!!!!!!!Ôªø
206,Wow 23 min agoÔªø,Wow 23 min agoÔªø
207,SUPER!!! !!!!!!!!!!!!!!!!!!!!!!!!!!!!!!!!!!!!!!!!Ôªø,SUPER!!! !!!!!!!!!!!!!!!!!!!!!!!!!!!!!!!!!!!!!!!!
208,P E A C E  &amp;  L O V E  ! !Ôªø,P E A C E  &amp;  L O V E  ! !
209,How can this music video get 2 billion views while im the only one watching  here on earth?????? lolÔªø,How can this music video get 2 billion views while im the only one watching  here on earth??????
210,Please friend read my book and repass: http://www.4shared.com/web/preview/pdf/CjFofTxeba?Ôªø,Please friend read my book and repass: http://www.4shared.com/web/preview/pdf/CjFofTxeba?Ôªø
211,subscribe to me :) Ôªø,subscribe to me :) Ôªø
212,Still the best. :DÔªø,Still the best. :
213,The most liked video on YouTube...Ôªø,The most liked video on YouTube...Ôªø
214,Still watching this 2 years later? Ôªø,Still watching this 2 years later?
215,"Hello! I'm kind of new to Youtube, And soon i'm soon going to be making  Launchpad Video's! :D I would really appreciate if i got some subs before i  started so that people can spot me easily! I dont really care about hate  comments so dont bother -_-Ôªø","I'm kind of new to Youtube, And soon i'm soon going to be making  Launchpad Video's! :D I would really appreciate if i got some subs before i  started so that people can spot me easily!"
216,"Lol...I dunno how this joke gets a lot of likes, but whatever. xDÔªø","Lol...I dunno how this joke gets a lot of likes, but whatever."
217,2 Billion Views For This Piece Of Shit... ~ A R E ~ Y O U ~ K I D D I N G ~ M E ~Ôªø,2 Billion Views For This Piece Of Shit... ~ A R E ~ Y O U ~ K I D D I N G ~ M E ~Ôªø
218,GANGMAN STY- *D-D-D-D-D-D--DROP THE BASS!!*Ôªø,GANGMAN STY- *D-D-D-D-D-D--DROP THE BASS!!*Ôªø
219,Will this song ever reach 7 Billion Views?Ôªø,Will this song ever reach 7 Billion Views?Ôªø
220,"Im a RAPPER/SONGWRITER, check my video PLEASE..also subscribe for more  thanks :) tell me what you think.Ôªø","Im a RAPPER/SONGWRITER, check my video PLEASE..also subscribe for more  thanks :) tell me what you think.Ôªø"
221,"Hello all 29.24% earth population of the world, hope your having a great  day :)Ôªø","Hello all 29.24% earth population of the world, hope your having a great  day :)Ôªø"
222,"Is this the video that started the whole ""got my dick stuck in an elevator""  excuse thing? Ôªø","Is this the video that started the whole ""got my dick stuck in an elevator""  excuse thing?"
223,Can anyone sub to my channel? :DÔªø,Can anyone sub to my channel? :
224,prehistoric song..has beenÔªø,prehistoric song..has beenÔªø
225,You think you're smart?        Headbutt your face.Ôªø,You think you're smart? Headbutt your face.Ôªø
226,DISLIKE.. Now one knows REAL music - ex. Enimen Ôªø,DISLIKE.. Now one knows REAL music - ex.
227,Loool nice song funny how no one understands (me) and we love itÔªø,Loool nice song funny how no one understands (me) and we love itÔªø
228,Like if you came here too see how many views this song has.Ôªø,Like if you came here too see how many views this song has.Ôªø
229,We pray for you Little Psy ‚ô°Ôªø,We pray for you Little Psy ‚ô°Ôªø
230,"''Little Psy, only 5 months left.. Tumor in the head :( WE WILL MISS U &lt;3Ôªø","''Little Psy, only 5 months left.. Tumor in the head :( WE WILL MISS U &lt;3Ôªø"
231, Follow me on Instagram. _chris_cz  Ôªø,Follow me on Instagram. _ chris_cz  Ôªø
232,how is this shit still relevant Ôªø,how is this shit still relevant Ôªø
233,LOL this shit never gets oldÔªø,LOL this shit never gets oldÔªø
234,What Can i say....This Song He Just Change The World Completely... So good job PSY... (and your girls are awesome :))) )Ôªø,What Can i say....This Song He Just Change The World Completely... So good job PSY... (and your girls are awesome :))) )Ôªø
235,On 0:02 u can see the camera man on his glasses....Ôªø,On 0:02 u can see the camera man on his glasses....Ôªø
236,this comment is wrongÔªø,this comment is wrongÔªø
237,i hate this music. fucking singer and every koean chainise ana US sucks me dick.Ôªø,i hate this music. fucking singer and every koean chainise ana US sucks me dick.Ôªø
238,2:05. Hahahahah Ôªø,Hahahahah Ôªø
239,Can we reach 3 billion views by December 2014? Ôªø,Can we reach 3 billion views by December 2014?
240,"Dumb Guy: Why is there 2 billion views when there are 7 million people on  earth??? Also, I know what 1+1 equals! 1+1=1! I am a smartie pantsÔªø","Dumb Guy: Why is there 2 billion views when there are 7 million people on  earth??? Also, I know what 1+1 equals!"
241,"People Who Say That ""This Song Is Too Old Now, There's No Point Of  Listening To It"" Suck. Just Stfu And Enjoy The Music. So, Your Mom Is Old  Too But You Still Listen To Her Right?....Ôªø","People Who Say That ""This Song Is Too Old Now, There's No Point Of  Listening To It"" Suck. Just Stfu And Enjoy The Music."
242,The Funny Thing Is That this song was made in 2009 but it took 2 years to  get to america.Ôªø,The Funny Thing Is That this song was made in 2009 but it took 2 years to  get to america.Ôªø
243,why I dont see any comments but mine?:/Ôªø,why I dont see any comments but mine?:/Ôªø
244,this jap is such a piece of shit. he is such a worthless fish head. i dont  know how any one likes this dumb untanlted gook. this isnt even fucken  music. this is so fucking sad that this is even such thing. people are so  fucked up.Ôªø,this jap is such a piece of shit. i dont  know how any one likes this dumb untanlted gook.
245,I remember when everyone was obsessed with Gangnam Style üòóÔªø,I remember when everyone was obsessed with Gangnam Style üòóÔªø
246,Remove This video its wankÔªø,Remove This video its wankÔªø
247,"It's so hard, sad :( iThat little child Actor HWANG MINOO dancing very  active child is suffering from brain tumor, only 6 month left for him .Hard  to believe .. Keep praying everyone for our future superstar.  #StrongLittlePsY #Fighting  SHARE EVERYONE PRAYING FOR HIM http://ygunited.com/2014/11/08/little-psy-from-the-has-brain-tumor-6-months-left-to-live/ Ôªø","It's so hard, sad :( iThat little child Actor HWANG MINOO dancing very  active child is suffering from brain tumor, only 6 month left for him .Hard  to believe .. Keep praying everyone for our future superstar. #StrongLittlePsY #Fighting  SHARE EVERYONE PRAYING FOR HIM http://ygunited.com/2014/11/08/little-psy-from-the-has-brain-tumor-6-months-left-to-live/ Ôªø"
248,"Why the fuck this keeps updated? Comments :""5 minutes ago"" Song: ""2 years and  4 months ago""Ôªø","Why the fuck this keeps updated? Comments :""5 minutes ago"" Song: ""2 years and  4 months ago""Ôªø"
249,MANY MEMORIES...........Ôªø,MANY MEMORIES...........Ôªø
250,why are they 5million comments when there is only 279.898 youtube Users.   5million fake account or PSY hacked youtubeÔªø,why are they 5million comments when there is only 279.898 youtube Users. 5million fake account or PSY hacked youtubeÔªø
251,"2,000,000,000 out of 7,000,000,000 people in the would saw this video just  in 2 years and yeat i only get 2 words out of the hole songÔªø","2,000,000,000 out of 7,000,000,000 people in the would saw this video just  in 2 years and yeat i only get 2 words out of the hole songÔªø"
252,"This video is so cool, again and again!Ôªø","This video is so cool, again and again!Ôªø"
253,I am now going to voyage to the first comment...      Tell my family I loved them. üò¢Ôªø,I am now going to voyage to the first comment...      Tell my family I loved them.
254,"How did THIS Video in all of YouTube get this many views and likes? Why  Gangnam style? I don't have a problem with it, i just don't understand the  phenomena behind it, it's just like any other random music video out  there. Ôªø",How did THIS Video in all of YouTube get this many views and likes? Why  Gangnam style?
255,With the korean girl more slut and bitch : Hyuna :'33Ôªø,With the korean girl more slut and bitch : Hyuna :'33Ôªø
256,Hey guys! Check this out: Kollektivet - Don't be slappin' my penis!  I  think that they deserve much more credit than they receive.Ôªø,Check this out: Kollektivet - Don't be slappin' my penis! I  think that they deserve much more credit than they receive.Ôªø
257,Still a very fun music video to watch! Ôªø,Still a very fun music video to watch!
258,C'mon 3 billion views!!!!!!!!Ôªø,C'mon 3 billion views!!!!!!!!Ôªø
259,"Hey everyone, I am a new channel and will post videos of book reviews and  music on the flute. Please subscribe if you would enjoy that. Thanks!Ôªø","Hey everyone, I am a new channel and will post videos of book reviews and  music on the flute. Please subscribe if you would enjoy that."
260,"Hey I think I know what where dealing with here!!!! I have some theories of  how this could've gotten 2billion hits!! 1. This was mabey made in korea and its realy popular there so they were  stuck watching this over and over again. 2. Over 2billion people have access to the Internet, including youtube, and  the numbers are rising, by 2017 half of the populatoin will be connected. 3. Hackers In Korea may have loved it so much they rised it to 2billion  hits to make it more popular.  4. The song was featured in a just dance game, on multiple mp3s, and been  seen on concerts and even on new years eve event in 2012, so just by seeing  those you mabey adding more hits to this video. 5. You are complaining to much on how the heck this has 2b hits.Ôªø","Hey I think I know what where dealing with here!!!! The song was featured in a just dance game, on multiple mp3s, and been  seen on concerts and even on new years eve event in 2012, so just by seeing  those you mabey adding more hits to this video."
261,subscribe my chanelÔªø,subscribe my chanelÔªø
262,"THIS HAS MORE VIEWS THAN QUEEN AND MICHAEL JACKSON, 2 BILLION views omgÔªø","THIS HAS MORE VIEWS THAN QUEEN AND MICHAEL JACKSON, 2 BILLION views omgÔªø"
263,LoLÔªø,
264,If you pause at 1:39 at the last millisecond you can see that that chick is  about to laugh. Takes a few tries.Ôªø,If you pause at 1:39 at the last millisecond you can see that that chick is  about to laugh. Takes a few tries.Ôªø
265,"9 year olds be like, 'How does this have 2 billion views when there are  only 3 people in the world'Ôªø","9 year olds be like, 'How does this have 2 billion views when there are  only 3 people in the world'Ôªø"
266,PSY is a good guyÔªø,PSY is a good guyÔªø
267,WHY DOES THIS HAVE 2 BILLION VIEWS THIS SONG IS SO ANNOYINGÔªø,WHY DOES THIS HAVE 2 BILLION VIEWS THIS SONG IS SO ANNOYINGÔªø
268,https://www.facebook.com/pages/Mathster-WP/1495323920744243?ref=hlÔªø,https://www.facebook.com/pages/Mathster-WP/1495323920744243?ref=hlÔªø
269,1 millioon dislikesssssssssssssssssssssssssssssssss.............Ôªø,1 millioon dislikesssssssssssssssssssssssssssssssss.............Ôªø
270,The little PSY is suffering Brain Tumor and only has 6 more months to live.  Please pray to him and the best lucks.Ôªø,The little PSY is suffering Brain Tumor and only has 6 more months to live. Please pray to him and the best lucks.Ôªø
271,For all of the little kidz out there there is Like 7 to 8 Billon people on  earth NOT 7 to 8 MILLON.Get you facts straight before posting comments.Ôªø,For all of the little kidz out there there is Like 7 to 8 Billon people on  earth NOT 7 to 8 MILLON.Get you facts straight before posting comments.Ôªø
272,How stupid humanity isÔªø,How stupid humanity isÔªø
273,Come and watch my video it is called the odowd crowd zombie movie part 1 Ôªø,Come and watch my video it is called the odowd crowd zombie movie part 1 Ôªø
274,You know a song sucks dick when you need to use google translate to know  what the fuck its saying!Ôªø,You know a song sucks dick when you need to use google translate to know  what the fuck its saying!Ôªø
275,"We get it, you came here for the views... Ôªø","We get it, you came here for the views... Ôªø"
276,Wow this video is the most viewed youtube video.. second that comes Justin  bieber- baby SMH WHAT HAS THE WORLD COME TOÔªø,Wow this video is the most viewed youtube video.. second that comes Justin  bieber- baby SMH WHAT HAS THE WORLD COME TOÔªø
277,"Hey, join me on ts≈´, a publishing platform where I share my content now:  http://tsu.co/MarkusMairhoferÔªø","Hey, join me on ts≈´, a publishing platform where I share my content now:  http://tsu.co/MarkusMairhoferÔªø"
278,"This song is great there are 2,127,315,950 views wowÔªø","This song is great there are 2,127,315,950 views wowÔªø"
279,I'm watching this in 2014Ôªø,I'm watching this in 2014Ôªø
280,Most viewed video on youtube...daaaaaaaaaaannng those views can almost  dominate the entire...china...Ôªø,Most viewed video on youtube...daaaaaaaaaaannng those views can almost  dominate the entire...china...Ôªø
281,"how does this video have 2,127,322,484 views if there are only 7 million  people on earth?Ôªø","how does this video have 2,127,322,484 views if there are only 7 million  people on earth?Ôªø"
282,What my gangnam styleÔªø,What my gangnam styleÔªø
283,Lol this youtuber (officialpsy) is getting so much money lolÔªø,Lol this youtuber (officialpsy) is getting so much money lolÔªø
284,1 million dislikes!EPIC FAIL(ready for you fanboys)Ôªø,1 million dislikes!EPIC FAIL(ready for you fanboys)Ôªø
285,"If I knew Korean, this would be even funnier. At least a bit at the end was  in English, but was spoken quite rapidly.Ôªø","If I knew Korean, this would be even funnier. At least a bit at the end was  in English, but was spoken quite rapidly.Ôªø"
286,"Enough with the whole ""how does this have two billion views if there's only  7 million on the planet"" we get it. You're joking. It's not funny anymore.Ôªø","Enough with the whole ""how does this have two billion views if there's only  7 million on the planet"" we get it. You're joking."
287,"If I get 100 subscribers, I will summon Freddy Mercury's ghost to whipe  from the face of earth One Direction and Miley Cirus.Ôªø","If I get 100 subscribers, I will summon Freddy Mercury's ghost to whipe  from the face of earth One Direction and Miley Cirus.Ôªø"
288,if i reach 100 subscribers i will go round in public pouring a bucket of  ice water over people and then running away acting like it wasn't me! like  so people can see!!Ôªø,if i reach 100 subscribers i will go round in public pouring a bucket of  ice water over people and then running away acting like it wasn't me! like  so people can see!!Ôªø
289,YOUTUBE MONEY !!!!!!!!!!!!!!!!!!!!!!!Ôªø,YOUTUBE MONEY !!!!!!!!!!!!!!!!!!!!!!!
290,2 billion for this shit?Ôªø,2 billion for this shit?Ôªø
291,"2 billion views, only 2 million sharesÔªø","2 billion views, only 2 million sharesÔªø"
292,Hi guys my name is Dylan and I do IRL football videos I have 1030  subscribers and I think you guys would like my content so come check it out  and if you do subscribe!Ôªø,Hi guys my name is Dylan and I do IRL football videos I have 1030  subscribers and I think you guys would like my content so come check it out  and if you do subscribe!Ôªø
293,If I get 300 subscribers by tomorrow I'll do a epic Hunger Games Video! Ôªø,If I get 300 subscribers by tomorrow I'll do a epic Hunger Games Video!
294,follower please https://www.facebook.com/lists/161620527267482Ôªø,follower please https://www.facebook.com/lists/161620527267482Ôªø
295,2 billion views wow not even baby by justin beibs has that much he doesn't  deserve a capitalized nameÔªø,2 billion views wow not even baby by justin beibs has that much he doesn't  deserve a capitalized nameÔªø
296,If i reach 100 subscribers i will tazz my self and my friendÔªø,If i reach 100 subscribers i will tazz my self and my friendÔªø
297,Please help me go to college guys! Thanks from the bottom of my heart.  https://www.indiegogo.com/projects/i-want-to-go-to-college--19/x/9082175Ôªø,Please help me go to college guys! Thanks from the bottom of my heart.
298,https://www.facebook.com/SchoolGeniusNITS/photos/ms.c.eJw9kVkOxDAMQm808h5z~;4sNjqP~_tHqBEuM69AQUp1Ih~_fPHgk5zLLsVdQv0ZUf0MB~;LnUJ~;ufTH4YoKfRxYts2zvrrp6qGtw67y~;L551h~;f7~_vlcZzRG8vGCTlPSD9ONGeWhj8~_GIbu~;S3lzMvY~;IQ2~;TwSfzz9WHn7JUSvHufpglQRZczl05fNPhaGeVb3x8yDmC6X~_~;jTcjnMho~;vfXWCjZyvWObihrnGx2ocjnG2PG1EvHXzyjD~_o3h~_RY6f57sPrnD2xV~;~_BzszZ~;8~-.bps.a.390875584405933/391725794320912/?type=1&amp;theater Ôªø,https://www.facebook.com/SchoolGeniusNITS/photos/ms.c.eJw9kVkOxDAMQm808h5z~;4sNjqP~_tHqBEuM69AQUp1Ih~_fPHgk5zLLsVdQv0ZUf0MB~;LnUJ~;ufTH4YoKfRxYts2zvrrp6qGtw67y~;L551h~;f7~_vlcZzRG8vGCTlPSD9ONGeWhj8~_GIbu~;S3lzMvY~;IQ2~;TwSfzz9WHn7JUSvHufpglQRZczl05fNPhaGeVb3x8yDmC6X~_~;jTcjnMho~;vfXWCjZyvWObihrnGx2ocjnG2PG1EvHXzyjD~_o3h~_RY6f57sPrnD2xV~;~_BzszZ~;8~-.bps.a.390875584405933/391725794320912/?type=1&amp;theater Ôªø
299,I am so awesome and smart!!! Sucscribe to me!Ôªø,I am so awesome and smart!!! Sucscribe to me!Ôªø
300,Follow 4 Follow                           @ VaahidMustafic Like 4 Like Ôªø,Follow 4 Follow                           @ VaahidMustafic Like 4 Like Ôªø
301,http://hackfbaccountlive.com/?ref=4436607  psy news offƒ±cal Ôªø,http://hackfbaccountlive.com/?ref=4436607  psy news offƒ±cal Ôªø
302,https://www.facebook.com/nicushorbboy add mee &lt;3 &lt;3Ôªø,https://www.facebook.com/nicushorbboy add mee &lt;3 &lt;3Ôªø
303,im sorry for the spam but My name is Jenny. I go to high school where  everyone dresses fashionable but for me I don't because i need money to buy  cute clothes. I have low self esteem . I live with my dad. my mom passed  away when i was 6 so i don't really have a mother figure. I have 2 brothers  who is older than me. Since they are boys they get the attention while i  just be alone. I really want to wear pretty clothes like the girls in my  school and get a boyfriend. i just can't be my self. im very quite and shy  at school because i don't have the confidence in myself to talk to someone.  i did have one friend name Caroline but she moved away so now im alone. if  you could donate some money to me it would be great. i don't care about  expensive brand ill just shop at walmart because they have pretty clothes.  also i wanna get my nails done at a salon . i see alot of girls have these  french tips. i never had my nail did at a salon before i will really  appreciate if i can and get my hair curled too. http://www.gofundme.com/dressprettyonce thanks omg please.Ôªø,im sorry for the spam but My name is Jenny. I have low self esteem . i did have one friend name Caroline but she moved away so now im alone. i don't care about  expensive brand ill just shop at walmart because they have pretty clothes.
304, I hate this song! Ôªø,I hate this song!
305,please throw a sub on my channelÔªø,please throw a sub on my channelÔªø
306,"NEW GOAL!   3,000,000!  Let's go for it!Ôªø",Let's go for it!Ôªø
307,Go to my channel if u want to see a fly getting burned aliveÔªø,Go to my channel if u want to see a fly getting burned aliveÔªø
308,just came here to check the views :PÔªø,just came here to check the views :PÔªø
309,"COME AND CHECK OUT MY NEW YOUTUBE CHHANEL, GOING TO BE POSTING DAILY!Ôªø","COME AND CHECK OUT MY NEW YOUTUBE CHHANEL, GOING TO BE POSTING DAILY!Ôªø"
310,I hav absolutely no idea what he's saying. Is it even a language?Ôªø,I hav absolutely no idea what he's saying. Is it even a language?Ôªø
311,Please check out my vidios guysÔªø,Please check out my vidios guysÔªø
312,I still to this day wonder why this video is so popular ?? illuminati  confirmed ??Ôªø,I still to this day wonder why this video is so popular ?? illuminati  confirmed ??
313,Hey guys can you check my channel out plz. I do mine craft videos. Let's  shoot for 20 subsÔªø,Hey guys can you check my channel out plz. I do mine craft videos.
314,This is getting old.........Ôªø,This is getting old.........Ôªø
315,PLEASE SUBSCRIBE ME!!!!!!!!!!!!!!!!!!!!!!!!!!!!!!!!!!!!!!!!!!!!!!!!!!!!Ôªø,PLEASE SUBSCRIBE ME!!!!!!!!!!!!!!!!!!!!!!!!!!!!!!!!!!!!!!!!!!!!!!!!!!!!Ôªø
316,just came to check the view countÔªø,just came to check the view countÔªø
317,Check out my Music Videos! Fuego - U LA LA Remix  hyperurl.co/k6a5xtÔªø,Check out my Music Videos! Fuego - U LA LA Remix  hyperurl.co/k6a5xtÔªø
318,Check out my Music Videos! and PLEASE SUBSCRIBE!!!! Fuego - U LA LA Remix  hyperurl.co/k6a5xtÔªø,Check out my Music Videos! and PLEASE SUBSCRIBE!!!!
319,www.marketglory.com/strategygame/lordviperasÔªø,www.marketglory.com/strategygame/lordviperasÔªø
320,"If the shitty Chinese Government didn't block YouTube over there, there'd  be close to 3 billion views right now. Ôªø","If the shitty Chinese Government didn't block YouTube over there, there'd  be close to 3 billion views right now."
321,WORLD RECORD YOUTUBE VIDEO VIEWS !!!!!! XDÔªø,WORLD RECORD YOUTUBE VIDEO VIEWS !!!!!!
322,I think he was drunk during this :) x)Ôªø,I think he was drunk during this :) x)Ôªø
323,Limit sun exposure while driving. Eliminate the hassle of having to swing  the car visor between the windshield and window.  https://www.kickstarter.com/projects/733634264/visortwinÔªø,Limit sun exposure while driving. Eliminate the hassle of having to swing  the car visor between the windshield and window.
324,"Hahah, juyk! I allways laugh at the part 1:57.. LOL!Ôªø","Hahah, juyk! I allways laugh at the part 1:57.. LOL!Ôªø"
325,http://hackfbaccountlive.com/?ref=5242575Ôªø,http://hackfbaccountlive.com/?ref=5242575Ôªø
326,"I wanted to know the name of the guy that dances at 00:58, anybody knows ?Ôªø","I wanted to know the name of the guy that dances at 00:58, anybody knows ?"
327,https://www.facebook.com/FUDAIRYQUEEN?pnref=storyÔªø,https://www.facebook.com/FUDAIRYQUEEN?pnref=storyÔªø
328,"Haha its so funny to see the salt of westerners that top views of youtube  goes to video they dont even understand, keep the salt up!Ôªø","Haha its so funny to see the salt of westerners that top views of youtube  goes to video they dont even understand, keep the salt up!Ôªø"
329,FOLLOW MY COMPANY ON TWITTER  thanks.  https://twitter.com/TheWaxedHatCoÔªø,FOLLOW MY COMPANY ON TWITTER  thanks. https://twitter.com/TheWaxedHatCoÔªø
330,imagine if this guy put adsense on with all these views... u could pay ur  morgageÔªø,imagine if this guy put adsense on with all these views... u could pay ur  morgageÔªø
331,Hey come check us out were new on youtube let us know what you think and  don't forget to subscribe thanks.Ôªø,Hey come check us out were new on youtube let us know what you think and  don't forget to subscribe thanks.Ôªø
332,"The girl in the train who was dancing, her outfit was so fucking sexy, but  the huge turn-off was she lacked eyebrows D:Ôªø","The girl in the train who was dancing, her outfit was so fucking sexy, but  the huge turn-off was she lacked eyebrows D:Ôªø"
333,"Look at the pictures, if not difficult http://image2you.ru/48051/1340524/        http://image2you.ru/48051/1340523/          http://image2you.ru/48051/1340522/ http://image2you.ru/48051/1340521/             http://image2you.ru/48051/1340520/       http://image2you.ru/48051/1340519/  http://image2you.ru/48051/1340518/            http://image2you.ru/48051/1340517/          http://image2you.ru/48051/1340504/ http://image2you.ru/48051/1340503/              http://image2you.ru/48051/1340502/            http://image2you.ru/48051/1340500/ http://image2you.ru/48051/1340499/        http://image2you.ru/48051/1340494/             http://image2you.ru/48051/1340493/ http://image2you.ru/48051/1340492/        http://image2you.ru/48051/1340491/           http://image2you.ru/48051/1340490/ http://image2you.ru/48051/1340489/             http://image2you.ru/48051/1340488/Ôªø",
334,"Don't mind me, I'm just checking what the views are up to : )Ôªø","Don't mind me, I'm just checking what the views are up to : )Ôªø"
335,"Hey guys can you check my YouTube channel I know you hate comments like  this one but I promise if you check my videos it will be entertaining I do  Shotgun Montages,Ninja Defuse Montages and Trolling please guys can you  check them out and thanks have a good day!!!!!!!Ôªø","Hey guys can you check my YouTube channel I know you hate comments like  this one but I promise if you check my videos it will be entertaining I do  Shotgun Montages,Ninja Defuse Montages and Trolling please guys can you  check them out and thanks have a good day!!!!!!!Ôªø"
336,"To everyone joking about how he hacked to get 2 billion views because  there's a certain amount of people or whatever,  He actually did buy views.Ôªø","To everyone joking about how he hacked to get 2 billion views because  there's a certain amount of people or whatever,  He actually did buy views.Ôªø"
337,https://www.facebook.com/tofikmiedzynB/photos/a.1496273723978022.1073741828.1496241863981208/1498561870415874/?type=1&amp;theater Ôªø,https://www.facebook.com/tofikmiedzynB/photos/a.1496273723978022.1073741828.1496241863981208/1498561870415874/?type=1&amp;theater Ôªø
338,https://www.facebook.com/eeccon/posts/733949243353321?comment_id=734237113324534&amp;offset=0&amp;total_comments=74   please like frigea marius gabriel comment :DÔªø,https://www.facebook.com/eeccon/posts/733949243353321?comment_id=734237113324534&amp;offset=0&amp;total_comments=74   please like frigea marius gabriel comment :DÔªø
339,"http://www.bing.com/explore/rewards?PUBL=REFERAFRIEND&amp;CREA=RAW&amp;rrid=_0f9fa8aa-243a-5c2f-c349-ede05ea397ca Bing rewards, earn free money. AND NO U CANT GET UR VIRUS IN BLUE!Ôªø","http://www.bing.com/explore/rewards?PUBL=REFERAFRIEND&amp;CREA=RAW&amp;rrid=_0f9fa8aa-243a-5c2f-c349-ede05ea397ca Bing rewards, earn free money. AND NO U CANT GET UR VIRUS IN BLUE!Ôªø"
340,Please do buy these new Christmas shirts! You can buy at any time before  December 4th and they are sold worldwide! Don't miss out:  http://teespring.com/treechristmasÔªø,Please do buy these new Christmas shirts! You can buy at any time before  December 4th and they are sold worldwide!
341,Free my apps get 1m crdits ! Just click on the link and download a app and  done!! ¬∑ Link: https://m.freemyapps.com/share/url/5af506e1Ôªø,Free my apps get 1m crdits ! Just click on the link and download a app and  done!! ¬∑
342,Why does a song like this have more views than Michael Jackson SMHÔªø,Why does a song like this have more views than Michael Jackson SMHÔªø
343," Something to dance to, even if your sad JUST dance!!   PSY - GANGNAM STYLE (Í∞ïÎÇ®Ïä§ÌÉÄÏùº) M/V: http://youtu.be/9bZkp7q19f0Ôªø","Something to dance to, even if your sad JUST dance!! PSY - GANGNAM STYLE (Í∞ïÎÇ®Ïä§ÌÉÄÏùº) M/V: http://youtu.be/9bZkp7q19f0Ôªø"
344,everyones back lool this is almost 3 years old and people are still hear!  xDÔªø,everyones back lool this is almost 3 years old and people are still hear!
345,How can this have 2 billion views when there's only me on the planet? LOLÔªø,How can this have 2 billion views when there's only me on the planet?
346,I don't now why I'm watching this in 2014Ôªø,I don't now why I'm watching this in 2014Ôªø
347,subscribe to me for call of duty vids and give aways Goal-100 subsÔªø,subscribe to me for call of duty vids and give aways Goal-100 subsÔªø
348,hi guys please my android photo editor download. thanks https://play.google.com/store/apps/details?id=com.butalabs.photo.editorÔªø,hi guys please my android photo editor download. thanks https://play.google.com/store/apps/details?id=com.butalabs.photo.editorÔªø
349,"The first billion viewed this because they thought it was really cool, the  other billion and a half came to see how stupid the first billion were...Ôªø","The first billion viewed this because they thought it was really cool, the  other billion and a half came to see how stupid the first billion were...Ôªø"
